raw_hexCode,raw_timeStamp,ts_seconds,ts_nanoSeconds,lat,long,type
8D4BB14758AF82BF88AB7BB0022A,25CF28A2429318,16:45:16,681722515,22.12225,87.28313,aereal_position
8D4BB14758AF82BF90AB4AFD3153,25CF67BEF48316,16:45:17,666825859,22.12244,87.28068,aereal_position
8D4BB14758AF82C084A5730EBBA1,25D70023C52A36,16:45:48,2344234,22.12802,87.20603,aereal_position
8D4BB14758AF82C09EA4D051D7D9,25D7CEC4873F32,16:45:51,247760703,22.12862,87.19789,aereal_position
8D4BB14758AF82C106A24FFFA36F,25DB0E76AADF37,16:46:04,242658015,22.131,87.16588,aereal_position
8D4BB14758AF82C114A1F72D0EB9,25DB84EDD53C12,16:46:06,82695484,22.13132,87.16148,aereal_position
8D4BB14758AF82C4348E68703456,25F4E8CFCA8520,16:47:47,684706437,22.14963,86.91144,aereal_position
8D4BB14758AF82C43C8E37E255AE,25F52B8638DF1C,16:47:48,730216671,22.14981,86.909,aereal_position
8D4BB14758AF82C4468E01849A0A,25F56D95CA4F20,16:47:49,764791375,22.15004,86.9063,aereal_position
8D4BB14758AF82C45C8D72C3880A,25F626BB687B35,16:47:52,649816187,22.15054,86.89916,aereal_position
8D4BB14758AF82C49A8BE7538A54,25F82B89CFD11F,16:48:00,730451921,22.15196,86.87943,aereal_position
8D4BB14758AF82C4D08A845FDFCE,25F9F986EF3717,16:48:07,965144375,22.1532,86.86171,aereal_position
8D4BB14758AF82C4DA8A4E2E3C93,25FA39D40E6138,16:48:08,970198625,22.15343,86.85901,aereal_position
8D4BB14758AF82C4E08A1D3F858A,25FA798883C11E,16:48:09,965247937,22.15356,86.85656,aereal_position
8D4BB14758AF82C4F089B5F66006,25FB004EF90A32,16:48:12,5175562,22.15393,86.85137,aereal_position
8D4BB14758AF82C50A891CA9100C,25FBC8F4BCDB45,16:48:15,150256859,22.15453,86.84373,aereal_position
8D4BB14758AF82C51088EBF527FA,25FC09DB4EFA1E,16:48:16,165367546,22.15466,86.84128,aereal_position
8D4BB14758AF82C54C8774596264,25FDF00189D333,16:48:23,805407187,22.15604,86.82255,aereal_position
8D4BB14758AF82C56086EFB39EA7,25FE9C0BEA6935,16:48:26,470542953,22.15649,86.81591,aereal_position
8D4BB14758AF82C56886B9DE7B3A,25FEDCEFD4B941,16:48:27,485479609,22.15668,86.81322,aereal_position
8D4BB14758AF82C80675E13DB32A,2614BB24658711,16:49:54,992241031,22.17201,86.59788,aereal_position
8D4BB14758AF82C816757A18895C,2615431D743131,16:49:57,52261937,22.17238,86.59274,aereal_position
8D4BB14758AF82C83474BA4CD5D7,261640BDBEC434,16:50:01,12435140,22.17307,86.58315,aereal_position
8D4BB14758AF82C8C670FF6BC0CC,261B13DC32521B,16:50:20,333197906,22.17641,86.53546,aereal_position
8D4BB14758AF82C8CC70D71F7B9A,261B4EC6FB3C1C,16:50:21,247921468,22.17654,86.53346,aereal_position
8D4BB14758AF82C8E070490446E6,261C058941BF20,16:50:24,92881343,22.177,86.52637,aereal_position
8D4BB14758AF82C8E670212A8DDC,261C374CEFF621,16:50:24,927789046,22.17714,86.52438,aereal_position
8D4BB14758AF82C8FC6F92C1987C,261CF2D5BA291C,16:50:27,852867625,22.17764,86.51723,aereal_position
8D4BB14758AF82C9046F5C78D200,261D34EBC50119,16:50:28,887866625,22.17783,86.51454,aereal_position
8D4BB14758AF82C9406DC8DEBE78,261F453F361F2B,16:50:37,88028703,22.1792,86.49436,aereal_position
8D4BB14758AF82C9566D39D5532F,261FFA015BF917,16:50:39,973167609,22.1797,86.48722,aereal_position
8D4BB14758AF82C95E6D08452446,262042DE09B21D,16:50:41,48105906,22.17989,86.48477,aereal_position
8D4BB14758AF82C9746C6F86CD91,2621058E30711E,16:50:44,93204593,22.18039,86.47713,aereal_position
8D4BB14758AF82C97A6C3E3801AE,262147A3F5F31F,16:50:45,128185843,22.18053,86.47469,aereal_position
8D4BB14758AF82C9826C08AF6225,26218B84B3FB1D,16:50:46,193246203,22.18071,86.47199,aereal_position
8D4BB14758AF82C9966B799201B0,26224542CE4917,16:50:49,88264265,22.18117,86.46485,aereal_position
8D4BB14758AF82C99C6B47E67E13,262284602DBF1F,16:50:50,73412031,22.1813,86.46235,aereal_position
8D4BB14758AF82C9B06AB80EF836,262339B8744738,16:50:52,968389703,22.18176,86.45521,aereal_position
8D4BB14758AF82C9B86A879EDB1E,262378D477E532,16:50:53,953448421,22.18195,86.45276,aereal_position
8D4BB14758AF82C9EC68FDE0E327,262582088A9B29,16:51:02,34114203,22.18314,86.43309,aereal_position
8D4BB14758AF82C9F068D565E5E7,2625B2939BE410,16:51:02,848534500,22.18323,86.43109,aereal_position
8D4BB14758AF82CB305F4FA1D558,26320C7CBD8A14,16:51:52,209501578,22.19055,86.30934,aereal_position
8D4BB14758AF82CB365F198E6B4B,2632505E316439,16:51:53,274608484,22.19069,86.30665,aereal_position
8D4BB14758AF82CB3C5EF20FB02F,263287B99EFF37,16:51:54,129605375,22.19083,86.3047,aereal_position
8D4BB14758AF82CB745D3AFD0939,2634C0E2561317,16:52:03,14833171,22.19211,86.28273,aereal_position
8D4BB14758AF82CB7C5D096D624B,263500948CDE3C,16:52:04,9735390,22.19229,86.28028,aereal_position
8D4BB14758AF82CB8E5C7982A187,2635B2F36AAF17,16:52:06,854813359,22.1927,92.81854,aereal_position
8D4BB14758AF82CB945C48D43A7C,2635F509736416,16:52:07,889811812,22.19284,92.8161,aereal_position
8D4BB14758AF82CB9A5C1C953A7C,26362CFE154519,16:52:08,754849093,22.19298,92.8139,aereal_position
8D4BB14758AF82CBA05BEA57A8AA,26366DE3B0051F,16:52:09,769896453,22.19312,92.8114,aereal_position
8D4BB14758AF82CBB45B51440268,2637368A3ABF38,16:52:12,915028671,22.19357,92.80376,aereal_position
8D4BB14758AF82CBBC5B20D7F661,263772A8E4412C,16:52:13,849929281,22.19376,92.80131,aereal_position
8D4BB14758AF82CBC85AC2F93285,2637EB8265A029,16:52:15,729965984,22.19403,92.79662,aereal_position
8D4BB14758AF82CBE25A02CDC186,2638E6BEDE292C,16:52:19,650042921,22.19463,92.78703,aereal_position
8D4BB14758AF82CBE859D0AEA4EF,26392AA0D1E227,16:52:20,715182562,22.19476,92.78453,aereal_position
8D4BB14758AF82CBEE599A81B27E,26396B84338A22,16:52:21,730084234,22.1949,92.78184,aereal_position
8D4BB14758AF82CBF65969C818BC,2639ABD96CDC22,16:52:22,735669468,22.19508,92.77939,aereal_position
8D4BB14758AF82CC025906299D5F,263A2D02E19A1E,16:52:24,755163546,22.19536,92.77445,aereal_position
8D4BB14758AF82CC18586D7204EB,263AF771D04519,16:52:27,930205765,22.19586,92.76681,aereal_position
8D4BB14758AF82CC2E57CA659E80,263BCCD6844414,16:52:31,215385156,22.19637,92.75867,aereal_position
8D4BB14758AF82CC34579ECE8B94,263C02FF61A519,16:52:32,50291109,22.1965,92.75647,aereal_position
8D4BB14758AF82CC4E56D4A4A3E2,263D07C65DA131,16:52:36,130440609,22.1971,92.74638,aereal_position
8D4BB14758AF82CC5C56719B443F,263D8EECE71F35,16:52:38,250406687,22.19742,92.74144,aereal_position
8D4BB14758AF82CC9854ABD4FBCB,263FD19EDF0531,16:52:47,295624453,22.19879,92.71877,aereal_position
8D4BB14758AF82CCA4545310E45A,26404E579DA717,16:52:49,240623015,22.19907,92.71437,aereal_position
8D4BB14758AF82CCF252034CEF26,26434BF8D9BE32,16:53:01,200858046,22.20085,92.68481,aereal_position
8D4BB14758AF82CDA24CCC7F12DF,264A11AC37763B,16:53:28,296499062,22.20488,92.61814,aereal_position
8D4BB14758AF82CDF84A527E3B4E,264D4E67351C32,16:53:41,241644828,22.20685,92.58648,aereal_position
8D4BB14758AF82CDFE4A265058F6,264D8360EA361C,16:53:42,56683062,22.20699,92.58428,aereal_position
8D4BB14758AF82CE18496634B3B3,264E77DD18DF23,16:53:45,937236703,22.20758,92.5747,aereal_position
8D4BB14758AF82CE2C48CE936012,264F4742816720,16:53:49,121799015,22.20804,92.56711,aereal_position
8D4BB14758AF82CE4C47E7F8ED3C,265070B28E0C1E,16:53:53,817008140,22.20877,92.55557,aereal_position
8D4BB14758AF82CE5A4780F4C25E,2650F3140DF81E,16:53:55,856952312,22.20909,92.55043,aereal_position
8D4BB14758AF82CE7446C0FE6B19,2651EE5179EA31,16:53:59,777091562,22.20969,92.54084,aereal_position
8D4BB14758AF82CE804659C99CA6,2652731707B03B,16:54:01,857147312,22.20996,92.53569,aereal_position
8D4BB14758AF82CF1C41D65E544C,265854259D5D19,16:54:25,338009437,22.21353,92.47802,aereal_position
8D4BB14758AF82CF28417D08627F,2658CD43C78415,16:54:27,222545796,22.21381,92.47357,aereal_position
8D4BB14758AF82CF2E414725D6E6,26590ECA290419,16:54:28,248129796,22.21394,92.47088,aereal_position
8D4BB14758AF82CF4240B9B85C98,2659CAE392E515,16:54:31,182686437,22.2144,92.46378,aereal_position
8D4BB14758AF82CF484088338373,265A0C60B77721,16:54:32,207665015,22.21454,92.46134,aereal_position
8D4BB14758AF82CF5E3FE5C798FD,265AD93203103C,16:54:35,422707984,22.21504,92.4532,aereal_position
8D4BB14758AF82CF643FB4D63DFF,265B1D19C59A15,16:54:36,488228250,22.21518,92.45075,aereal_position
8D4BB14758AF82CF6C3F7EBC7620,265B5DF75A261D,16:54:37,502749734,22.21536,92.44805,aereal_position
8D4BB14758AF82CF783F1C543DFF,265BE05B4F1919,16:54:39,542854937,22.21564,92.44316,aereal_position
8D4BB14758AF82CFF83B517A3061,2660D939357812,16:54:59,423179640,22.21857,92.39467,aereal_position
8D4BB14758AF82D0C83522872641,2668E6ADB0362D,16:55:31,648917046,22.22333,92.31562,aereal_position
8D4BB14758AF82D0D034F03EB4BA,266929F3A56D35,16:55:32,703833453,22.22351,92.31312,aereal_position
8D4BB14758AF82D144317A240967,266DAEBEB54B32,16:55:50,784250187,22.22617,92.26888,aereal_position
8D4BB14758AF82D1BA2E3BD875C6,2671EB7BD45A1B,16:56:07,729535578,22.22887,92.22738,aereal_position
8D4BB14758AF82D1CA2DD5DDB37C,26727172548817,16:56:09,829576328,22.22923,92.22228,aereal_position
8D4BB14758AF82D1D22DA4930365,2672B126176117,16:56:10,824579937,22.22942,92.21984,aereal_position
8D4BB14758AF82D1E22D43F1AF68,267335EC90EE15,16:56:12,904696046,22.22978,92.21499,aereal_position
8D4BB14758AF82D2022C7658C89C,26744178EBF117,16:56:17,24701937,22.23051,92.20476,aereal_position
8D4BB14758AF82D2582A67A14785,2676F2A9476036,16:56:27,849954656,22.23248,92.17844,aereal_position
8D4BB14758AF82D34C24A8CFCB2A,267E7B5730E22C,16:56:57,995569890,22.23807,92.10498,aereal_position
8D4BB14758AF82D53E184F52FE14,268E9D9D16F82B,16:58:02,496834296,22.24947,91.94713,aereal_position
8D4BB14758AF82D55C1790275B5D,268F98D8939E37,16:58:06,416846750,22.25015,91.93759,aereal_position
8D4BB14758AF82D57216F82C43C6,26905E8388BF16,16:58:09,511936703,22.25066,91.93,aereal_position
8D4BB14758AF82D580169F32BD76,2690D4FDEE413B,16:58:11,352185921,22.25098,91.92555,aereal_position
8D4BB14758AF82D59E15DBBC0F3E,2691D29BBFA731,16:58:15,312197031,22.25166,91.91577,aereal_position
8D4BB14758AF82D5C214EA429891,26931085398416,16:58:20,277166468,22.25249,91.90373,aereal_position
8D4BB14758AF82D5E21421FCF966,269417ADDEFD2E,16:58:24,397270781,22.25322,91.89369,aereal_position
8D4BB14758AF82D5F013BAE84B12,2694967CECD313,16:58:26,377285843,22.25354,91.88855,aereal_position
8D4BB14758AF82D6081321FA544F,269560EC0AEB39,16:58:29,552340203,22.25409,91.88091,aereal_position
8D4BB14758AF82D60E12F0233138,2695A26A186619,16:58:30,577378406,22.25423,91.87846,aereal_position
8D4BB14758AF82D61612BF6CF408,2695E5B100881B,16:58:31,632357000,22.25441,91.87602,aereal_position
8D4BB14758AF82D61E128D036B73,269625FD585A22,16:58:32,637360218,22.25459,91.87352,aereal_position
8D4BB14758AF82D63A11C960EB88,26972139D15120,16:58:36,557437265,22.25523,91.86373,aereal_position
8D4BB14758AF82D64811709020AC,26979680837724,16:58:38,377521015,22.25555,91.85929,aereal_position
8D4BB14758AF82D66C1084E99CFF,2698CB81EF3D27,16:58:43,193064765,22.25638,91.8475,aereal_position
8D4BB14758AF82D6820FF5C98526,26998370413723,16:58:46,57688375,22.25688,91.84036,aereal_position
8D4BB14758AF82D6900F930D0F49,269A04A1C6B72D,16:58:48,77711031,22.2572,91.83547,aereal_position
8D4BB14758AF82D6CC0E04F57BBB,269C096823943F,16:58:56,157819796,22.25858,91.81554,aereal_position
8D4BB14758AF82D6D40DD3AF3E7F,269C4B8622FC24,16:58:57,193340156,22.25876,91.81309,aereal_position
8D4BB14758AF82D6DC0D9DC24B56,269C8CFC489A22,16:58:58,217860250,22.25894,91.8104,aereal_position
8D4BB14758AF82D6E60D6CD52924,269CD045CB4C24,16:58:59,273009484,22.25917,91.80795,aereal_position
8D4BB14758AF82D6F80D05B7F00F,269D52A721C61C,16:59:01,312943046,22.25958,91.80281,aereal_position
8D4BB14758AF82D7000CDEFF9B14,269D8CFD78BD3C,16:59:02,217938109,22.25977,91.80086,aereal_position
8D4BB14758AF82D72C0C0B18BD76,269E9B4CDF9C25,16:59:06,458022812,22.26077,91.79032,aereal_position
8D4BB14758AF82D73A0BD5C71159,269EE360C7C422,16:59:07,593545156,22.26109,91.78763,aereal_position
8D4BB14758AF82D7500B737B7CF5,269F60F7FC9823,16:59:09,553122968,22.2616,91.78273,aereal_position
8D4BB14758AF82D7820AAFD74C3A,26A05E9689CC1F,16:59:13,513182156,22.26274,91.77294,aereal_position
8D4BB14758AF82D79C0A4EB2E3BD,26A0E3632EA223,16:59:15,593702562,22.26334,91.7681,aereal_position
8D4BB14758AF82D7A80A1DE1012A,26A123A824901F,16:59:16,598221968,22.26361,91.76565,aereal_position
8D4BB14758AF82D80408C77C7485,26A2E5C089E322,16:59:23,633375203,22.26572,91.74857,aereal_position
8D4BB14758AF82D9040527149A46,26A7A4E116C324,16:59:42,618731203,22.27158,91.70223,aereal_position
8D4BB14758AF82D91404F23C7A91,26A7E5C6834E23,16:59:43,633766734,22.27194,91.69958,aereal_position
8D4BB14758AF82D92204C1767254,26A82612DBDC25,16:59:44,638770140,22.27226,91.69714,aereal_position
8D4BB14758AF82D92C049AC8D21C,26A85EA01CC92C,16:59:45,513809609,22.27249,91.69519,aereal_position
8D4BB14758AF82D93A0469C32350,26A89B58D2E046,16:59:46,458805984,22.27281,91.69274,aereal_position
8D4BB14758AF82D946043D8B4BB9,26A8D517889439,16:59:47,353863828,22.27309,91.69055,aereal_position
8D4BB14758AF82D954040CB3724A,26A9156384D930,16:59:48,358843609,22.27341,91.6881,aereal_position
8D4BB14758AF82D96003DBCD8EAB,26A959DC7A4935,16:59:49,433879625,22.27368,91.68565,aereal_position
8D4BB14758AF82D988034E7E8652,26AA10A0BB252D,16:59:52,278969125,22.2746,91.67861,aereal_position
8D4BB14758AF82D9A002F65D0237,26AA88487E022D,16:59:54,138968578,22.27515,91.67422,aereal_position
8D4BB14758AF82D9B002C0814362,26AACB97711928,16:59:55,194474265,22.27551,91.67152,aereal_position
8D4BB14758AF82D9D4023C7C7A8F,26AB75961C5D29,16:59:57,899030109,22.27634,91.66493,aereal_position
8D4BB14758AF82D9EE01DA863E81,26ABF92A41FE23,16:59:59,959070718,22.27693,91.66003,aereal_position
8D4BB14758AF82D9FA01AE6EB1AB,26AC2F5C6AB524,17:00:00,794585781,22.27721,91.65784,aereal_position
8D4BB14758AF82DA08017D0A5770,26AC70D296EA26,17:00:01,819107562,22.27753,91.65539,aereal_position
8D4BB14758AF82DA3000EFF53AC2,26AD2831C0731B,17:00:04,674349171,22.27844,91.6483,aereal_position
8D4BB14758AF82DA3E00B9B426D9,26AD6C0F0AEF17,17:00:05,739183343,22.27876,91.6456,aereal_position
8D4BB14758AF82DC19F9B8F2E96B,26B6979153EB13,17:00:42,395400171,22.28961,91.55606,aereal_position
8D4BB14758AF82DC33F951385FBD,26B719ECE6D01D,17:00:44,434955984,22.29021,91.55092,aereal_position
8D4BB14758AF82DC77F83E7619F3,26B87B56DF5722,17:00:49,995549015,22.29176,91.53719,aereal_position
8D4BB14758AF82DCB7F7444E67F3,26B9C98BAF3016,17:00:55,160149296,22.29323,91.5247,aereal_position
8D4BB14758AF82DDC3F31B84FE3F,26BF31CE18B822,17:01:16,835590328,22.29936,91.47152,aereal_position
8D4BB14758AF82DDF3F25B1148E6,26C02F7455732A,17:01:20,796153203,22.30046,91.46193,aereal_position
8D4BB14758AF82DDFFF2254A4DA3,26C0734CD4452C,17:01:21,860673093,22.30074,91.45923,aereal_position
8D4BB14758AF82DE25F18C15ADA6,26C13B61531F2C,17:01:24,996234015,22.30161,91.45159,aereal_position
8D4BB14758AF82DE53F0CDD9EEA2,26C23435C2D334,17:01:28,875938515,22.30266,91.44206,aereal_position
8D4BB14758AF82DE6BF06F29AFF8,26C2AF7748262F,17:01:30,796346406,22.30321,91.43736,aereal_position
8D4BB14758AF82DE93EFCCFC72D4,26C383A16F6C31,17:01:34,60911468,22.30412,91.42922,aereal_position
8D4BB14758AF82DE9FEF9B593244,26C3C488693F35,17:01:35,76048703,22.3044,91.42677,aereal_position
8D4BB14758AF82DEABEF6A0C0BB8,26C40997EB4534,17:01:36,160951109,22.30467,91.42433,aereal_position
8D4BB14758AF82DEB7EF348B8B5D,26C446E9E7E235,17:01:37,115992546,22.30495,91.42163,aereal_position
8D4BB14758AF82DEDBEEA5EBE3BB,26C504D53F1B23,17:01:40,81084187,22.30577,91.41449,aereal_position
8D4BB14758AF82DEF3EE423AA9AE,26C58868BB7C29,17:01:42,141081468,22.30632,91.40955,aereal_position
8D4BB14758AF82DF0FEDD15A7BBD,26C6158626D01F,17:01:44,361113296,22.30696,91.4039,aereal_position
8D4BB14758AF82DF23ED78BFB78D,26C68F91DBE228,17:01:46,261217250,22.30742,91.39946,aereal_position
8D4BB14758AF82DF31ED42781600,26C6D077CED346,17:01:47,276287187,22.30774,91.39676,aereal_position
8D4BB14758AF82DF4BECDBE9B31C,26C757A5539C1E,17:01:49,396710812,22.30833,91.39162,aereal_position
8D4BB14758AF82DF63EC783B425F,26C7DA00FAA528,17:01:51,436271781,22.30888,91.38667,aereal_position
8D4BB14758AF82DF7BEC108A96FB,26C85A0182A12A,17:01:53,436306593,22.30943,91.38148,aereal_position
8D4BB14758AF82DFC3EAE94805CA,26C9D7A852653A,17:01:59,396907109,22.31108,91.36675,aereal_position
8D4BB14758AF82DFDDEA862AF8CC,26CA5C67CD2D3C,17:02:01,476564781,22.31168,91.36181,aereal_position
8D4BB14758AF82DFF5EA2807B5DC,26CAD7A9846D35,17:02:03,396985453,22.31223,91.35711,aereal_position
8D4BB14758AF82E025E968E7DB8F,26CBCE19D99538,17:02:07,236575125,22.31332,91.34752,aereal_position
8D4BB14758AF82E033E9321569D6,26CC10C950DA3C,17:02:08,281628890,22.31364,91.34483,aereal_position
8D4BB14758AF82E03DE90A56635C,26CC46F375523D,17:02:09,116618578,22.31387,91.34283,aereal_position
8D4BB14758AF82E055E8B2FF1F6B,26CCBB6F0C9C3E,17:02:10,997133468,22.31442,91.33843,aereal_position
8D4BB14758AF82E07BE823002ADD,26CD75BEB52F36,17:02:13,901690671,22.31529,91.33129,aereal_position
8D4BB14758AF82E095E7C538DD38,26CDEFC9660032,17:02:15,801728000,22.31589,91.3266,aereal_position
8D4BB14758AF82E0BBE736C5B645,26CEA5F4C7BA26,17:02:18,636798906,22.31676,91.31946,aereal_position
8D4BB14758AF82E0C7E705704C58,26CEE8A43A4C1E,17:02:19,681851468,22.31703,91.31701,aereal_position
8D4BB14758AF82E0D5E6D4433C3B,26CF2ABA2E3128,17:02:20,716844593,22.31735,91.31456,aereal_position
8D4BB14758AF82E0E3E69D0BFA81,26CF69D547ED25,17:02:21,701843437,22.31767,91.31182,aereal_position
8D4BB14758AF82E0FBE645BC098D,26CFE17D97891F,17:02:23,561878921,22.31822,91.30742,aereal_position
8D4BB14758AF82E10BE60E932B06,26D0239B936726,17:02:24,597398375,22.31859,91.30468,aereal_position
8D4BB14758AF82E115E5E7E4E26D,26D05925F18626,17:02:25,421917062,22.31882,91.30273,aereal_position
8D4BB14758AF82E153E4FF4C7E8D,26D18E20B5222B,17:02:30,237024546,22.32024,91.29114,aereal_position
8D4BB14758AF82E161E4CE313B57,26D1CE6D0E6C32,17:02:31,242028140,22.32056,91.2887,aereal_position
8D4BB14758AF82E16DE4A26AC2D1,26D204996B1135,17:02:32,77163281,22.32083,91.2865,aereal_position
8D4BB14758AF82E17BE47160F22D,26D24877C46C35,17:02:33,142066796,22.32115,91.28405,aereal_position
8D4BB14758AF82E1B1E3A75B658D,26D34ADC44E625,17:02:37,182207718,22.32239,91.27396,aereal_position
8D4BB14758AF82E1C1E3714DE4B3,26D38BC81E5729,17:02:38,197664343,22.32275,91.27127,aereal_position
8D4BB14758AF82E1DDE309CB81CB,26D4154B298F21,17:02:40,357247375,22.32339,91.26607,aereal_position
8D4BB14758AF82E207E27173EBBF,26D4D597C0CC21,17:02:43,362266828,22.32436,91.25848,aereal_position
8D4BB14758AF82E221E20EE76C50,26D55B8E44F11C,17:02:45,462308593,22.32495,91.25354,aereal_position
8D4BB14758AF82E271E0E7560B67,26D6DCC1F7062A,17:02:51,482473734,22.32678,91.23881,aereal_position
8D4BB14758AF82E28FE07BEB3A6D,26D769DFCED024,17:02:53,702533328,22.32747,91.23342,aereal_position
8D4BB14758AF82E2ABE0139B25FC,26D7ED72F8002B,17:02:55,762509312,22.32811,91.22822,aereal_position
8D4BB14758AF82E2D3DF849BA12A,26D8A3A5BB2228,17:02:58,598063906,22.32903,91.22108,aereal_position
8D4BB14758AF82E2DFDF5339E77A,26D8EB11CB8427,17:02:59,722586500,22.3293,91.21863,aereal_position
8D4BB14758AF82E2EDDF224721C0,26D9286641BC28,17:03:00,677790140,22.32962,91.21619,aereal_position
8D4BB14758AF82E2FBDEECBC4037,26D969E251932A,17:03:01,702697875,22.32994,91.21349,aereal_position
8D4BB14758AF82E307DEC4373B72,26D9A3A8664C26,17:03:02,598238796,22.33022,91.21149,aereal_position
8D4BB14758AF82E31FDE677DF208,26DA17BBE69A18,17:03:04,398190234,22.33076,91.20685,aereal_position
8D4BB14758AF82E357DD9D8E766D,26DB213F570315,17:03:08,557799171,22.33205,91.19676,aereal_position
8D4BB14758AF82E361DD76C06BBC,26DB56D16C1D39,17:03:09,382823453,22.33228,91.19481,aereal_position
8D4BB14758AF82E36FDD40833577,26DB97BD820A16,17:03:10,398295562,22.3326,91.19212,aereal_position
8D4BB14758AF82E3C1DC139C9057,26DD260619EE1D,17:03:16,637934062,22.33447,91.17709,aereal_position
8D4BB14758AF82E3CFDBDDF03AB8,26DD6784A2F242,17:03:17,663003890,22.33479,91.17439,aereal_position
8D4BB14758AF82E3DDDBACCB802B,26DDA86A988434,17:03:18,678074500,22.33511,91.17194,aereal_position
8D4BB14758AF82E42DDA84EF0A08,26DF286C611E24,17:03:24,678191390,22.33694,91.15716,aereal_position
8D4BB14758AF82E449DA21EED438,26DFAACDE34C3A,17:03:26,718136140,22.33759,91.15222,aereal_position
8D4BB14758AF82E471D98EF33FB1,26E06524D6B21C,17:03:29,623171250,22.3385,91.14488,aereal_position
8D4BB14758AF82E4A3D8CDA7492E,26E15DFEF57A1F,17:03:33,503248250,22.33965,91.13524,aereal_position
8D4BB14758AF82E4BFD86B251D6F,26E1E657D24729,17:03:35,643289671,22.34029,91.13034,aereal_position
8D4BB14758AF82E4F3D7A5A88B50,26E2DCD0468924,17:03:39,483411593,22.34148,91.12046,aereal_position
8D4BB14758AF82E4FDD77E112DD8,26E317C6AE101E,17:03:40,398896656,22.34171,91.11851,aereal_position
8D4BB14758AF82E50BD74D1024B1,26E3593C9C1329,17:03:41,423402515,22.34203,91.11606,aereal_position
8D4BB14758AF82E543D67DFB5203,26E46065297029,17:03:45,543500656,22.34331,91.10567,aereal_position
8D4BB14758AF82E55DD61B662B60,26E4E196AC7F2F,17:03:47,563522687,22.3439,91.10078,aereal_position
8D4BB14758AF82E59FD524F1E8BD,26E6214C76A233,17:03:52,558659234,22.34541,91.08845,aereal_position
8D4BB14758AF82E5A9D4FC4F3196,26E656DE8F1730,17:03:53,383684375,22.34564,91.08645,aereal_position
8D4BB14758AF82E61DD34FA5B4C9,26E8825083982F,17:04:02,38831000,22.3483,91.06502,aereal_position
8D4BB14758AF82E64FD28E1CDC20,26E976C555CA26,17:04:05,918902218,22.34944,91.05539,aereal_position
8D4BB14758AF82E65DD25D21BDD8,26E9B9743BDC2F,17:04:06,963918812,22.34976,91.05294,aereal_position
8D4BB14758AF82E683D1CDCBAE21,26EA76C6A50E20,17:04:09,918988046,22.35063,91.04575,aereal_position
8D4BB14758AF82E693D192EA29C1,26EAC29F183B21,17:04:11,43980859,22.351,91.0428,aereal_position
8D4BB14758AF82E69DD16AADA6EB,26EAF929DFD921,17:04:11,959045593,22.35123,91.0408,aereal_position
8D4BB14758AF82E6C7D0D178A275,26EBC03DEC6A23,17:04:15,4058218,22.35219,91.03316,aereal_position
8D4BB14758AF82E6D1D0A58B85DD,26EBF4676A7F26,17:04:15,879192703,22.35242,91.03097,aereal_position
8D4BB14758AF82E6DFD073CD9F06,26EC35E365A421,17:04:16,904095140,22.35274,91.02847,aereal_position
8D4BB14758AF82E6EDD042B0DADC,26EC746801FC1E,17:04:17,879231484,22.35306,91.02602,aereal_position
8D4BB14758AF82E6F9D015A67C54,26ECAD8BBA0324,17:04:18,764131843,22.35333,91.02378,aereal_position
8D4BB14758AF82E703CFEE40E77D,26ECE3BDF9DC1D,17:04:19,599652828,22.35356,91.02183,aereal_position
8D4BB14758AF82E775CE3F8B4261,26EF0FC12AB91E,17:04:28,264317625,22.35617,91.00031,aereal_position
8D4BB14758AF82E7C1CD202379E1,26F082A5F59E1E,17:04:34,44430750,22.35791,90.98597,aereal_position
8D4BB14758AF82E7CFCCEF940A07,26F0C25B625E2C,17:04:35,39543390,22.35823,90.98353,aereal_position
8D4BB14758AF82E80FCBF7ADAAE4,26F203D9AEB71D,17:04:40,64597687,22.3597,90.97114,aereal_position
8D4BB14758AF82E82BCB94222D0B,26F2850B9E7A24,17:04:42,84647546,22.36034,90.9662,aereal_position
8D4BB14758AF82E887CA3923D020,26F44985D16B25,17:04:49,159764843,22.36244,90.94887,aereal_position
8D4BB14758AF82E8B3C991981881,26F51951C73425,17:04:52,424789812,22.36345,90.94048,aereal_position
8D4BB14758AF82E8C1C95F95A189,26F55A39B8672A,17:04:53,439990375,22.36377,90.93798,aereal_position
8D4BB14758AF82E8E9C8C6481055,26F6207A0FD72C,17:04:56,544870359,22.36469,90.93034,aereal_position
8D4BB14758AF82E8F7C894D47068,26F6615FDD5E25,17:04:57,559930718,22.36501,90.92785,aereal_position
8D4BB14758AF82E911C8310FFF24,26F6E624CF8127,17:04:59,639946625,22.3656,90.9229,aereal_position
8D4BB14758AF82E921C7FBC9624A,26F727A2986125,17:05:00,664967265,22.36597,90.9202,aereal_position
8D4BB14758AF82E93BC7989C8612,26F7AB84B12636,17:05:02,730116390,22.36656,90.91526,aereal_position
8D4BB14758AF82E949C7616FCE56,26F7EB36C80538,17:05:03,725010437,22.36688,90.91251,aereal_position
8D4BB14758AF82E96FC6D2F189C3,26F8A45D7CE135,17:05:06,610106593,22.36775,90.90537,aereal_position
8D4BB14758AF82E987C67943F413,26F91E682CD735,17:05:08,510143703,22.3683,90.90093,aereal_position
8D4BB14758AF82E9A3C61133EB82,26F9A45EAD2436,17:05:10,610184484,22.36894,90.89574,aereal_position
8D4BB14758AF82E9B1C5DFE3C071,26F9E1AFFD842D,17:05:11,565181828,22.36926,90.89324,aereal_position
8D4BB14758AF82E9E1C523B190A1,26FAD102443347,17:05:15,285361203,22.37036,90.88385,aereal_position
8D4BB14758AF82EA0DC47FBCC2EC,26FBA1FF6AD43B,17:05:18,570387156,22.37137,90.87566,aereal_position
8D4BB14758AF82EA35C3EA98527A,26FC6B3D232839,17:05:21,725426984,22.37228,90.86822,aereal_position
8D4BB14758AF82EA57C365B4D80B,26FD19A9641938,17:05:24,430531609,22.37306,90.86158,aereal_position
8D4BB14758AF82EA5FC347DBA7A8,26FD38ADF2A13D,17:05:24,950923937,22.37325,90.86008,aereal_position
8D4BB14758AF82EA6DC310A4848F,26FD82B577C53D,17:05:26,45447109,22.37357,90.85733,aereal_position
8D4BB14758AF82EA7BC2DFA01171,26FDC56661E447,17:05:27,90595812,22.37389,90.85489,aereal_position
8D4BB14758AF82EA87C2AD0398A8,26FE051929E33D,17:05:28,85535203,22.37416,90.85239,aereal_position
8D4BB14758AF82EA95C27C3EE54B,26FE4696CBE23B,17:05:29,110545890,22.37448,90.84994,aereal_position
8D4BB14758AF82EAC1C1D3B579B5,26FF15CA29C440,17:05:32,365570500,22.37549,90.8415,aereal_position
8D4BB14758AF82EAD7C17ABD8736,26FF9107015537,17:05:34,285671765,22.37599,90.83706,aereal_position
8D4BB14758AF82EAE5C1483F2AFE,26FFCF04F26536,17:05:35,251982437,22.37631,90.83456,aereal_position
8D4BB14758AF82EAF3C112CD98A7,27001368FC5D3C,17:05:36,325647453,22.37663,90.83186,aereal_position
8D4BB14758AF82EB01C0E00EBCE3,270054EE5D073B,17:05:37,351165703,22.37695,90.82937,aereal_position
8D4BB14758AF82EB1FC0696921D8,2700F1857E1C38,17:05:39,830832156,22.37764,90.82343,aereal_position
8D4BB14758AF82EB4FBFB7C2F438,2701D156463E3E,17:05:43,290866750,22.37874,90.81454,aereal_position
8D4BB14758AF82EB5BBF8529DC5F,27021109BBF13F,17:05:44,285850609,22.37901,90.81204,aereal_position
8D4BB14758AF82EB65BF5E0842EE,27024905064A41,17:05:45,151324234,22.37924,90.81009,aereal_position
8D4BB14758AF82EB73BF2CFB416B,27028C451FAF31,17:05:46,205856687,22.37956,90.80759,aereal_position
8D4BB14758AF82EB95BEA6FB5F0C,270333E9148442,17:05:48,870913156,22.38034,90.8009,aereal_position
8D4BB14758AF82EBA3BE704BDFE6,27037992ACF338,17:05:49,965913843,22.38066,90.79821,aereal_position
8D4BB14758AF82EBBDBE0CD62A2A,270402BD33433E,17:05:52,45953859,22.38126,90.79321,aereal_position
8D4BB14758AF82EBD9BDA43A5EC9,27048520E81042,17:05:54,86042640,22.3819,90.78802,aereal_position
8D4BB14758AF82EBF3BD41F0A045,270509E5781D3C,17:05:56,166033437,22.38249,90.78308,aereal_position
8D4BB14758AF82EC01BD0BC3D1AF,2705469F270B3A,17:05:57,111093515,22.38281,90.78038,aereal_position
8D4BB14758AF82EC05BCF7FF61B9,27056504FEA831,17:05:57,621084328,22.3829,90.77938,aereal_position
8D4BB14758AF82EC17BCB13A2A66,2705C3133C2A35,17:05:59,51592234,22.38332,90.77588,aereal_position
8D4BB14758AF82EC25BC7BBD530A,2706005D3B6E37,17:06:00,6110062,22.38364,90.77319,aereal_position
8D4BB14758AF82EC65BB88E7C702,270741DF0BAE32,17:06:05,31394734,22.3851,90.76105,aereal_position
8D4BB14758AF82EC73BB51ED9B89,270782C186FD2E,17:06:06,46237437,22.38542,90.75831,aereal_position
8D4BB14758AF82EC8BBAF88CB3D2,2707F735AD1130,17:06:07,926264593,22.38597,90.75386,aereal_position
8D4BB14758AF82ECB1BA68666779,2708AB9A03F331,17:06:10,731513843,22.38684,90.74667,aereal_position
8D4BB14758AF82ECBFBA36270B0E,2708EDAD682530,17:06:11,766339109,22.38716,90.74417,aereal_position
8D4BB14758AF82ECCDBA002F66A2,27093190595821,17:06:12,831543640,22.38748,90.74148,aereal_position
8D4BB14758AF82ECE7B99C0AA8C3,2709B2C6F64030,17:06:14,851899968,22.38808,90.73648,aereal_position
8D4BB14758AF82ED03B93435335E,270A38BD71FA1F,17:06:16,951939578,22.38872,90.73129,aereal_position
8D4BB14758AF82ED19B8DB69941C,270AB2C8295229,17:06:18,851978578,22.38922,90.72685,aereal_position
8D4BB14758AF82ED27B8A44EF5EB,270AF2749A3527,17:06:19,846502453,22.38954,90.7241,aereal_position
8D4BB14758AF82ED35B87373AC25,270B36555F4124,17:06:20,911564609,22.38986,90.72165,aereal_position
8D4BB14758AF82ED41B841570039,270B799C373623,17:06:21,966539062,22.39014,90.71916,aereal_position
8D4BB14758AF82ED51B80B89AB3E,270BB7894B321C,17:06:22,931744562,22.3905,90.71646,aereal_position
8D4BB14758AF82EDB5B687C87576,270DADFFB8B71B,17:06:30,771733687,22.39279,90.69708,aereal_position
8D4BB14758AF82EDC1B65BE9C93B,270DE429EA6D24,17:06:31,606726765,22.39307,90.69489,aereal_position
8D4BB14758AF82EDE7B5CB95BC0C,270E9FB455EB37,17:06:34,531912171,22.39394,90.68769,aereal_position
8D4BB14758AF82EE01B56819EDCB,270F235559EC34,17:06:36,592796140,22.39453,90.68275,aereal_position
8D4BB14758AF82EE1BB5094C1588,270F9AF679DF34,17:06:38,452360671,22.39513,90.67801,aereal_position
8D4BB14758AF82EE31B4B08BCD66,271010352A9528,17:06:40,271919765,22.39563,90.67356,aereal_position
8D4BB14758AF82EE4FB43EDC0402,27109FB6929D2E,17:06:42,532058781,22.39632,90.66787,aereal_position
8D4BB14758AF82EE69B3DB652902,27112358BC6132,17:06:44,593017953,22.39691,90.66293,aereal_position
8D4BB14758AF82EE77B3A9F8888F,271161CBD39D3D,17:06:45,567006109,22.39723,90.66043,aereal_position
8D4BB14758AF82EE85B372E019CD,2711A6E4ADCA39,17:06:46,652520906,22.39755,90.65768,aereal_position
8D4BB14758AF82EE93B341EF6D21,2711E8F42A3A34,17:06:47,687090234,22.39787,90.65523,aereal_position
8D4BB14758AF82EEA1B30A90E684,27122A71DD8F40,17:06:48,712105359,22.39819,90.65249,aereal_position
8D4BB14758AF82EEC3B2844D957C,2712D84415363A,17:06:51,407115062,22.39897,90.6458,aereal_position
8D4BB14758AF82EECFB25DEF876D,27131038B8213C,17:06:52,272152609,22.39925,90.64385,aereal_position
8D4BB14758AF82EEDBB22B07145C,2713511E514A40,17:06:53,287199562,22.39952,90.64135,aereal_position
8D4BB14758AF82EEE9B1F992EB04,271393CE533C36,17:06:54,332288828,22.39984,90.63885,aereal_position
8D4BB14758AF82EF03B191EBAEB7,2714129C8B633E,17:06:56,312249187,22.40044,90.63366,aereal_position
8D4BB14758AF82EF0FB16A48610D,27144C5A07BC3C,17:06:57,207226812,22.40071,90.63171,aereal_position
8D4BB14758AF82EF1BB138A10BBA,27148CA7379041,17:06:58,212285328,22.40099,90.62922,aereal_position
8D4BB14758AF82EF27B10B9E09F5,2714C5344CD942,17:06:59,87313625,22.40126,90.62697,aereal_position
8D4BB14758AF82EF2FB0EE042E52,2714E812725A16,17:06:59,672297562,22.40144,90.62552,aereal_position
8D4BB14758AF82EF4BB085012183,27156D70A74A3E,17:07:01,762357578,22.40208,90.62028,aereal_position
8D4BB14758AF82EF5DB0400BD58A,2715C9F9728E40,17:07:03,167342734,22.4025,90.61683,aereal_position
8D4BB14758AF82EF69B00EA76B96,27160B798CF045,17:07:04,192515312,22.40277,90.61434,aereal_position
8D4BB14758AF82EF77AFD886A1DD,27164C5D64D23E,17:07:05,207447250,22.40309,90.61164,aereal_position
8D4BB14758AF82EF81AFB050AE21,27168584899E38,17:07:06,92572062,22.40332,90.60964,aereal_position
8D4BB14758AF82EF87AF9C7DDE4D,27169E8B5B2030,17:07:06,512449312,22.40346,90.60864,aereal_position
8D4BB14758AF82EF95AF6B414633,2716DC2905E32C,17:07:07,472450531,22.40378,90.6062,aereal_position
8D4BB14758AF82EF99AF5719DC0D,2716F8CCE85937,17:07:07,952952921,22.40387,90.6052,aereal_position
8D4BB14758AF82EFB1AEF93A9C9D,27176E0B51773A,17:07:09,772493687,22.40442,90.6005,aereal_position
8D4BB14758AF82EFBFAEC779B23A,2717B283BFB53D,17:07:10,847495093,22.40474,90.59801,aereal_position
8D4BB14758AF82EFD3AE7C167A9B,27180C19D1CF32,17:07:12,203018703,22.4052,90.59426,aereal_position
8D4BB14758AF82EFFFADCFE12C84,2718ECE339D82D,17:07:15,753088984,22.4062,90.58562,aereal_position
8D4BB14758AF82F09FAB6BC05FBA,271C06BA46381E,17:07:28,112870968,22.40987,90.55506,aereal_position
8D4BB14758AF82F0ADAB3540F8F8,271C4C64991E20,17:07:29,207919390,22.41019,90.55236,aereal_position
8D4BB14758AF82F0EBAA41EA6E92,271D87EE70A932,17:07:34,133066921,22.41161,90.54018,aereal_position
8D4BB14758AF82F113A9A74083B2,271E4A04DDC637,17:07:37,168091078,22.41252,90.53249,aereal_position
8D4BB14758AF82F13BA90D6DF694,271F12A9AC4A4A,17:07:40,313109578,22.41344,90.5248,aereal_position
8D4BB14758AF82F151A8B8209E72,271F8036FB4131,17:07:42,3603265,22.41394,90.52055,aereal_position
8D4BB14758AF82F157A8A40CCF76,271F98A034C544,17:07:42,413152453,22.41408,90.51955,aereal_position
8D4BB14758AF82F15FA88663B0D5,271FBA00FA701B,17:07:42,973142640,22.41426,90.51806,aereal_position
8D4BB14758AF82F171A83C62DCAD,272019D3239949,17:07:44,433267609,22.41467,90.51436,aereal_position
8D4BB14758AF82F1BBA7202DCEDA,27218A5433E44E,17:07:50,173290468,22.41637,90.50018,aereal_position
8D4BB14758AF82F1C9A6E9D1AA76,2721CED2FD554F,17:07:51,248708437,22.41669,90.49743,aereal_position
8D4BB14758AF82F1DBA6A314A9F3,27222B1D33CD21,17:07:52,723334093,22.4171,90.49394,aereal_position
8D4BB14758AF82F1E9A66C6C1CA0,272269F39E6843,17:07:53,703831656,22.41742,90.49119,aereal_position
8D4BB14758AF82F1F7A63AF044AB,2722ACEEDAA621,17:07:54,753851046,22.41774,90.48869,aereal_position
8D4BB14758AF82F1FBA62756EB2C,2722CC6D32B84B,17:07:55,208483000,22.41783,90.48774,aereal_position
8D4BB14758AF82F20FA5E1F3CE16,272322C799D626,17:07:56,583506390,22.41829,90.48425,aereal_position
8D4BB14758AF82F227A58225BAF5,27239B0E57FB24,17:07:58,453924859,22.41884,90.4795,aereal_position
8D4BB14758AF82F233A550CBD682,2723DD6AAAD423,17:07:59,493529812,22.41911,90.47701,aereal_position
8D4BB14758AF82F241A5193EB96E,27241F33C3FB19,17:08:00,523486203,22.41943,90.47426,aereal_position
8D4BB14758AF82F24FA4E888BFA1,2724606831121F,17:08:01,543699218,22.41975,90.47181,aereal_position
8D4BB14758AF82F25BA4B6619D4C,2724A1056C5A1B,17:08:02,554003546,22.42003,90.46932,aereal_position
8D4BB14758AF82F269A47F190C32,2724E5C4A09444,17:08:03,633643156,22.42035,90.46657,aereal_position
8D4BB14758AF82F281A425512123,27255A70891E1D,17:08:05,443582750,22.4209,90.46207,aereal_position
8D4BB14758AF82F287A4117CC1FB,2725754431B948,17:08:05,893661625,22.42104,90.46108,aereal_position
8D4BB14758AF82F28BA3FD0A1E3D,27259180ECD216,17:08:06,293661906,22.42113,90.46008,aereal_position
8D4BB14758AF82F293A3E046A4AE,2725B4F78A5E45,17:08:06,888638046,22.42131,90.45863,aereal_position
8D4BB14758AF82F29FA3B3E3DC08,2725EF4EC47242,17:08:07,793691250,22.42159,90.45638,aereal_position
8D4BB14758AF82F2B5A35E2952E8,272659408DE720,17:08:09,423661031,22.42209,90.45214,aereal_position
8D4BB14758AF82F2BDA340474479,272680D1F2564D,17:08:10,13759062,22.42227,90.45064,aereal_position
8D4BB14758AF82F2C5A3223978D1,2726A370477A1C,17:08:10,594560890,22.42245,90.44914,aereal_position
8D4BB14758AF82F2DDA2BF7CC902,27272C54443021,17:08:12,743719984,22.423,90.4442,aereal_position
8D4BB14758AF82F2F3A26A8047E2,272793E6321352,17:08:14,333853203,22.42351,90.43995,aereal_position
8D4BB14758AF82F301A2384BA956,2727D3998A0D31,17:08:15,328829453,22.42383,90.43746,aereal_position
8D4BB14758AF82F30DA206132F73,2728151EE0184B,17:08:16,354344984,22.4241,90.43496,aereal_position
8D4BB14758AF82F33DA14E9AF2C6,272906C9E52F4D,17:08:20,113894703,22.4252,90.42577,aereal_position
8D4BB14758AF82F359A0E5957537,27298CC04DDD4A,17:08:22,213929437,22.42584,90.42053,aereal_position
8D4BB14758AF82F371A0864301D4,2729FB3F5B713A,17:08:23,994007921,22.42639,90.41578,aereal_position
8D4BB14758AF82F37DA055E17FB2,272A454DF14D43,17:08:25,88994125,22.42667,90.41334,aereal_position
8D4BB14758AF82F38BA02337C4D7,272A859BC03F49,17:08:26,94093375,22.42699,90.41084,aereal_position
8D4BB14758AF82F3A39FC4625E4B,272AF8E485844D,17:08:27,954500484,22.42754,90.40609,aereal_position
8D4BB14758AF82F3BF9F56E11354,272B8A60014143,17:08:30,174063937,22.42818,90.4006,aereal_position
8D4BB14758AF82F3CB9F2939807B,272BC2EC9F8537,17:08:31,49061765,22.42845,90.39835,aereal_position
8D4BB14758AF82F3D79EF7B70BDE,272C0209F32435,17:08:32,34206500,22.42873,90.39586,aereal_position
8D4BB14758AF82F3E59EC6CA4E04,272C4550563732,17:08:33,89151031,22.42905,90.39341,aereal_position
8D4BB14758AF82F3F39E8FC7F497,272C8A6130F74C,17:08:34,174141687,22.42937,90.39066,aereal_position
8D4BB14758AF82F4179DFEE9977D,272D408D0B7B46,17:08:37,9243515,22.43019,90.38342,aereal_position
8D4BB14758AF82F41D9DEA9C4519,272D5CDDE9131D,17:08:37,484305171,22.43033,90.38242,aereal_position
8D4BB14758AF82F4279DC270C676,272D93ED665F1C,17:08:38,334325343,22.43056,90.38043,aereal_position
8D4BB14758AF82F4559D147DEFCA,272E70896A114B,17:08:41,814311953,22.43161,90.37174,aereal_position
8D4BB14758AF82F4639CDD3C2230,272EB03CCFA73F,17:08:42,809291687,22.43193,90.36899,aereal_position
8D4BB14758AF82F4679CC90BABDA,272ED05AE3C017,17:08:43,274392000,22.43202,90.36799,aereal_position
8D4BB14758AF82F4AB9BC518CCF3,273018224B201E,17:08:48,404900640,22.43358,90.35501,aereal_position
8D4BB14758AF82F4AF9BB12D07C9,273032A0FA0243,17:08:48,849410562,22.43367,90.35401,aereal_position
8D4BB14758AF82F4C99B4E347EB4,2730B7674ABA45,17:08:50,929516218,22.43427,90.34907,aereal_position
8D4BB14758AF82F4D39B2B61BEC1,2730DC48095736,17:08:51,474483031,22.43449,90.34732,aereal_position
8D4BB14758AF82F4E19AEFE89E6C,27312DDD733735,17:08:52,769487671,22.43481,90.34432,aereal_position
8D4BB14758AF82F4E99AD187494D,273155BA6EBA1D,17:08:53,364539578,22.435,90.34282,aereal_position
8D4BB14758AF82F4F79A9AE44DCD,273198B5D67D1F,17:08:54,414570109,22.43532,90.34008,aereal_position
8D4BB14758AF82F5059A68296409,2731D8B5F86C25,17:08:55,414578796,22.43564,90.33758,aereal_position
8D4BB14758AF82F5119A36C046E4,27321F4477BC27,17:08:56,524580796,22.43591,90.33508,aereal_position
8D4BB14758AF82F5179A22EC678C,2732376938615A,17:08:56,929642593,22.43605,90.33408,aereal_position
8D4BB14758AF82F52F99C3F25B24,2732ADDF72A15E,17:08:58,769618593,22.4366,90.32934,aereal_position
8D4BB14758AF82F53599AF581F34,2732CB9ACD441E,17:08:59,194694468,22.43674,90.32834,aereal_position
8D4BB14758AF82F539999CFF2542,2732E380038E5F,17:08:59,595592078,22.43683,90.32739,aereal_position
8D4BB14758AF82F547996AAA3E42,273321F4023C5C,17:09:00,569639484,22.43715,90.3249,aereal_position
8D4BB14758AF82F55F990BE46E83,27339ACD84184B,17:09:02,449676312,22.4377,90.32015,aereal_position
8D4BB14758AF82F56598F702BD22,2733B2F911B41B,17:09:02,855183796,22.43784,90.31915,aereal_position
8D4BB14758AF82F56998E35B96C0,2733D05FD38B53,17:09:03,274715531,22.43793,90.31815,aereal_position
8D4BB14758AF82F57798AC38AA76,2734160961AA4F,17:09:04,369713578,22.43825,90.31541,aereal_position
8D4BB14758AF82F57F988E57D5D5,2734384F977A1E,17:09:04,944740218,22.43843,90.31391,aereal_position
8D4BB14758AF82F585987ADF8767,273456565EB556,17:09:05,374759093,22.43857,90.31291,aereal_position
8D4BB14758AF82F58F9852AB3C31,27348C80834C4D,17:09:06,209748812,22.4388,90.31091,aereal_position
8D4BB14758AF82F593983E2D81A7,2734A5D76B7E1F,17:09:06,634874750,22.43889,90.30991,aereal_position
8D4BB14758AF82F5AF97D54CDA7C,2735241411B737,17:09:08,605295031,22.43953,90.30467,aereal_position
8D4BB14758AF82F5BB97A45B9969,2735670F716C2B,17:09:09,655323500,22.4398,90.30222,aereal_position
8D4BB14758AF82F5C197903D4AD6,273587BCFE0844,17:09:10,129826312,22.43994,90.30123,aereal_position
8D4BB14758AF82F5DF971D5AEFDB,273613A969C551,17:09:12,329869765,22.44063,90.29548,aereal_position
8D4BB14758AF82F5E397099BFC00,27362C662B1333,17:09:12,744893203,22.44072,90.29448,aereal_position
8D4BB14758AF82F5F196D7572C2B,27366F62745C20,17:09:13,794981468,22.44104,90.29199,aereal_position
8D4BB14758AF82F5F596C360A5C1,27368EE8853C52,17:09:14,250119484,22.44113,90.29099,aereal_position
8D4BB14758AF82F603968C34BC5C,2736CB9F9E3D49,17:09:15,195010109,22.44145,90.28824,aereal_position
8D4BB14758AF82F619963C9AD56E,27373722135E27,17:09:16,924980062,22.44196,90.28425,aereal_position
8D4BB14758AF82F621961E6D92F4,27375D82201456,17:09:17,495067156,22.44214,90.28275,aereal_position
8D4BB14758AF82F62F95E7C7FF57,27379F97065248,17:09:18,529991250,22.44246,90.28,aereal_position
8D4BB14758AF82F63595C96E243C,2737C5ACC15519,17:09:19,95207765,22.4426,90.2785,aereal_position
8D4BB14758AF82F63B95B52E95E0,2737E384DEF652,17:09:19,595910390,22.44273,90.2775,aereal_position
8D4BB14758AF82F647958364A3C2,273821F9FB4948,17:09:20,570030921,22.44301,90.27501,aereal_position
8D4BB14758AF82F66F94E9435EC4,2738EAA00C404D,17:09:23,715131968,22.44392,90.26732,aereal_position
8D4BB14758AF82F67D94B78685AF,27392923001843,17:09:24,690159640,22.44424,90.26482,aereal_position
8D4BB14758AF82F68194A3276A8B,273947759DA216,17:09:25,125148578,22.44434,90.26382,aereal_position
8D4BB14758AF82F689948AB78D56,27395FE72ED448,17:09:25,535244500,22.44452,90.26257,aereal_position
8D4BB14758AF82F6959458374329,27399F9969383E,17:09:26,530147640,22.44479,90.26008,aereal_position
8D4BB14758AF82F69B944475B025,2739BA20012031,17:09:26,975175968,22.44493,90.25908,aereal_position
8D4BB14758AF82F69F9430407B1F,2739D9F1DF8446,17:09:27,435281796,22.44502,90.25808,aereal_position
8D4BB14758AF82F6AD93F912CAE1,273A1872EFC745,17:09:28,410185671,22.44534,90.25533,aereal_position
8D4BB14758AF82F6BB93C7E2025E,273A58C01F4D31,17:09:29,415244109,22.44566,90.25284,aereal_position
8D4BB14758AF82F6BF93B3D7C964,273A742B030E16,17:09:29,875234062,22.44576,90.25184,aereal_position
8D4BB14758AF82F6C5939FB18A6F,273A914DA7E14C,17:09:30,290301921,22.44589,90.25084,aereal_position
8D4BB14758AF82F6DF9336E087E0,273B1611BFE04B,17:09:32,370261984,22.44649,90.24559,aereal_position
8D4BB14758AF82F6ED9304622A28,273B565EA66642,17:09:33,375301734,22.44681,90.2431,aereal_position
8D4BB14758AF82F7119274E44F39,273C13B0917F34,17:09:36,330338687,22.44763,90.23591,aereal_position
8D4BB14758AF82F71F923D5A13B2,273C519C158445,17:09:37,295441796,22.44795,90.23316,aereal_position
8D4BB14758AF82F7259229B7F9EF,273C6D0D9D3917,17:09:37,755866937,22.44809,90.23216,aereal_position
8D4BB14758AF82F7299215EF63D1,273C8A27B8804A,17:09:38,170375296,22.44818,90.23116,aereal_position
8D4BB14758AF82F73791E367EA2A,273CC94AD1D84E,17:09:39,155898328,22.4485,90.22867,aereal_position
8D4BB14758AF82F75591664B0C2C,273D6718E98E1C,17:09:41,655944078,22.44919,90.22242,aereal_position
8D4BB14758AF82F76B91116C1DB7,273DD06BBD2A53,17:09:43,275496234,22.44969,90.21818,aereal_position
8D4BB14758AF82F77190FDCF52E7,273DEB3E755A2C,17:09:43,725513562,22.44983,90.21718,aereal_position
8D4BB14758AF82F77D90CB97A4AE,273E2C6FC41B30,17:09:44,745522203,22.4501,90.21468,aereal_position
8D4BB14758AF82F78590AD03A49D,273E540158545F,17:09:45,335632468,22.45029,90.21318,aereal_position
8D4BB14758AF82F78F9085771FCB,273E8C8C81006D,17:09:46,210534656,22.45052,90.21119,aereal_position
8D4BB14758AF82F7959071DACDAF,273EA5E35EA233,17:09:46,635657890,22.45065,90.21019,aereal_position
8D4BB14758AF82F7A79026A5EE88,273F0303999A59,17:09:48,50567578,22.45107,90.20644,aereal_position
8D4BB14758AF82F7AF9008CAD971,273F267C0F3223,17:09:48,645664562,22.45125,90.20494,aereal_position
8D4BB14758AF82F7B38FF4F1167F,273F435803575C,17:09:49,56099671,22.45134,90.20395,aereal_position
8D4BB14758AF82F7B98FE17B3012,273F5B2F76BD23,17:09:49,456095421,22.45148,90.203,aereal_position
8D4BB14758AF82F7BD8FCD4DE8FC,273F75164A7059,17:09:49,890653296,22.45157,90.202,aereal_position
8D4BB14758AF82F7D18F8227BCA3,273FD36915242E,17:09:51,325653796,22.45203,90.19825,aereal_position
8D4BB14758AF82F7D78F6E0E496F,273FEDEF1E595A,17:09:51,770645593,22.45216,90.19725,aereal_position
8D4BB14758AF82F7E78F2895D61B,27404BAAEBFA26,17:09:53,195750906,22.45253,90.19376,aereal_position
8D4BB14758AF82F7EF8F0AFAA9B8,27406DEFA53D50,17:09:53,770680125,22.45271,90.19226,aereal_position
8D4BB14758AF82F7F58EF6590630,27408E0E1B1C25,17:09:54,235805468,22.45285,90.19126,aereal_position
8D4BB14758AF82F7FD8ED3C9A9B7,2740AF6EB8BE64,17:09:54,795785406,22.45303,90.18951,aereal_position
8D4BB14758AF82F80B8EA16CC6CC,2740F518109A56,17:09:55,890769562,22.45335,90.18702,aereal_position
8D4BB14758AF82F81D8E56670FB6,27415404EDB02C,17:09:57,335867312,22.45377,90.18327,aereal_position
8D4BB14758AF82F8258E38938316,2741777A49F355,17:09:57,930761203,22.45395,90.18177,aereal_position
8D4BB14758AF82F82B8E252E8413,274196661B361F,17:09:58,375790390,22.45409,90.18082,aereal_position
8D4BB14758AF82F8378DF3BC64DA,2741D5CE3F3C2A,17:09:59,365838140,22.45436,90.17833,aereal_position
8D4BB14758AF82F83D8DDFC8E7BA,2741F053EAD067,17:09:59,810805968,22.4545,90.17733,aereal_position
8D4BB14758AF82F8458DC1B43140,27421700C5152D,17:10:00,385926421,22.45468,90.17583,aereal_position
8D4BB14758AF82F84B8DA3F43405,27423A2A296863,17:10:00,975841640,22.45482,90.17433,aereal_position
8D4BB14758AF82F8538D8AB997C8,274259FC08D62B,17:10:01,435947734,22.455,90.17308,aereal_position
8D4BB14758AF82F8598D6CC9FD7F,274280A56B3A58,17:10:02,10840890,22.45514,90.17159,aereal_position
8D4BB14758AF82F85F8D58E41DA7,27429EBFE3FA2C,17:10:02,515892218,22.45528,90.17059,aereal_position
8D4BB14758AF82F8638D44257E10,2742B697E8084E,17:10:02,915925000,22.45537,90.16959,aereal_position
8D4BB14758AF82F86B8D264982D3,2742DBC53DC222,17:10:03,465911234,22.45555,90.16809,aereal_position
8D4BB14758AF82F8798CEF7A6204,27431CF7E02C25,17:10:04,486006828,22.45587,90.16534,aereal_position
8D4BB14758AF82F8878CBDC382EF,27435D9166C82B,17:10:05,496068296,22.45619,90.16285,aereal_position
8D4BB14758AF82F88B8CA99AA90D,274379DF10CC58,17:10:05,970920140,22.45628,90.16185,aereal_position
8D4BB14758AF82F8978C78E58F60,2743B9031E385D,17:10:06,956505656,22.45656,90.1594,aereal_position
8D4BB14758AF82F89D8C64902D68,2743DA94E0C42D,17:10:07,445964484,22.4567,90.1584,aereal_position
8D4BB14758AF82F8A38C504B5781,2743F2B88C8E61,17:10:07,850955406,22.45683,90.1574,aereal_position
8D4BB14758AF82F8C58BC97A6881,27449EC2439526,17:10:10,516047765,22.45761,90.15066,aereal_position
8D4BB14758AF82F8CB8BAB3A6DC4,2744C488562452,17:10:11,76043812,22.45775,90.14916,aereal_position
8D4BB14758AF82F8D38B92772ED1,2744DE30FD3734,17:10:11,506527031,22.45793,90.14792,aereal_position
8D4BB14758AF82F8EB8B2F782F1B,27456256683D26,17:10:13,576088125,22.45848,90.14297,aereal_position
8D4BB14758AF82F8F18B1BD178DF,274580A9028A55,17:10:14,11076234,22.45862,90.14197,aereal_position
8D4BB14758AF82F9318A226AD1FE,2746B905AB8A55,17:10:18,956672906,22.46008,90.12954,aereal_position
8D4BB14758AF82F9398A0405966B,2746E08E7E8D19,17:10:19,546209421,22.46027,90.12804,aereal_position
8D4BB14758AF82F93D89F0254D11,2746F9E33E1370,17:10:19,971193875,22.46036,90.12704,aereal_position
8D4BB14758AF82F97189230DCB25,274803F3DFCB30,17:10:24,66314187,22.46155,90.1168,aereal_position
8D4BB14758AF82F98588D9C99BD8,27485FAB07B83A,17:10:25,531302328,22.46201,90.11311,aereal_position
8D4BB14758AF82F99588931730DF,2748BACC0AE021,17:10:26,986450656,22.46237,90.10961,aereal_position
8D4BB14758AF82F9A38861A649B3,274902C3816622,17:10:28,46367078,22.46269,90.10712,aereal_position
8D4BB14758AF82F9B1882A9CBE3F,274940FA65ED1B,17:10:29,16410093,22.46301,90.10437,aereal_position
8D4BB14758AF82F9B58816AA8609,27495AE77F9556,17:10:29,451379093,22.4631,90.10337,aereal_position
8D4BB14758AF82F9C187E4D0E335,27499C65D5D135,17:10:30,476435921,22.46338,90.10087,aereal_position
8D4BB14758AF82F9CD87B88A3BDB,2749D623611F59,17:10:31,371417375,22.46365,90.09868,aereal_position
8D4BB14758AF82F9D98786615BE6,274A140F668971,17:10:32,336553609,22.46393,90.09618,aereal_position
8D4BB14758AF82F9DF8772483E9E,274A2F7A0F452C,17:10:32,796528453,22.46407,90.09518,aereal_position
8D4BB14758AF82F9E78754BF4132,274A5624248E67,17:10:33,371467406,22.46425,90.09368,aereal_position
8D4BB14758AF82F9F5871D85AAA5,274A97A3375468,17:10:34,396572500,22.46457,90.09094,aereal_position
8D4BB14758AF82FA15869C2AD2CF,274B45C2EF7F1B,17:10:37,96661375,22.4653,90.08449,aereal_position
8D4BB14758AF82FA1B868397C9D1,274B5FAE9E0D4E,17:10:37,531537421,22.46544,90.08325,aereal_position
8D4BB14758AF82FA21866F7FF728,274B77D455862B,17:10:37,936662406,22.46558,90.08225,aereal_position
8D4BB14758AF82FA2D863D257B87,274BC06BD1032E,17:10:39,7065859,22.46585,90.07975,aereal_position
8D4BB14758AF82FA35861F974034,274BE21299886F,17:10:39,571644296,22.46603,90.07825,aereal_position
8D4BB14758AF82FA4D85C002F1E7,274C5AEB17DF61,17:10:41,451614687,22.46658,90.07351,aereal_position
8D4BB14758AF82FA5185AD7BB878,274C7441858231,17:10:41,876709250,22.46667,90.07256,aereal_position
8D4BB14758AF82FA6B854993F6ED,274CF99EB91E2C,17:10:43,966703390,22.46727,90.06757,aereal_position
8D4BB14758AF82FA738526DDF26D,274D1D9BEC826D,17:10:44,496757890,22.46745,90.06582,aereal_position
8D4BB14758AF82FA8584E0036320,274D7A37A4F23A,17:10:45,976725234,22.46786,90.06232,aereal_position
8D4BB14758AF82FA8D84C26C1C83,274DA13663E070,17:10:46,557212640,22.46805,90.06082,aereal_position
8D4BB14758AF82FAA1846E761C8C,274E0D84319232,17:10:48,226767250,22.46851,90.05663,aereal_position
8D4BB14758AF82FABB84052388B8,274E92E3747737,17:10:50,316896375,22.4691,90.05139,aereal_position
8D4BB14758AF82FAD583A27D6099,274F15DEFB9931,17:10:52,366934937,22.4697,90.04644,aereal_position
8D4BB14758AF82FAE18370D670C7,274F58D93A4D2D,17:10:53,416889421,22.46997,90.04395,aereal_position
8D4BB14758AF82FAEF8339682C4C,274F98D985ED3A,17:10:54,416908781,22.47029,90.0412,aereal_position
8D4BB14758AF82FAF58325C0CA54,274FB1E382D64A,17:10:54,836993750,22.47043,90.0402,aereal_position
8D4BB14758AF82FAF98311982006,274FCEB760E91D,17:10:55,246898921,22.47052,90.0392,aereal_position
8D4BB14758AF82FB1982959F6EF5,27506E02CCBD4B,17:10:57,771935421,22.47125,90.03301,aereal_position
8D4BB14758AF82FB2182776CACCF,275092E4CF733C,17:10:58,316985203,22.47144,90.03151,aereal_position
8D4BB14758AF82FB2582635B2525,2750AF81D6B947,17:10:58,797038265,22.47153,90.03051,aereal_position
8D4BB14758AF82FB318231B24F92,2750EE03648953,17:10:59,771974281,22.4718,90.02802,aereal_position
8D4BB14758AF82FB3F81FA191F42,27513578598748,17:11:00,897079687,22.47212,90.02527,aereal_position
8D4BB14758AF82FB4581E67E7D21,275151B530C320,17:11:01,297087171,22.47226,90.02427,aereal_position
8D4BB14758AF82FB4D81C8114AD8,2751752BCD1868,17:11:01,892063000,22.47244,90.02277,aereal_position
8D4BB14758AF82FB678160278B67,2751F78E0D6521,17:11:03,932056421,22.47304,90.01758,aereal_position
8D4BB14758AF82FB8780E3F4E8E3,27529A0F77D027,17:11:06,437221328,22.47377,90.01134,aereal_position
8D4BB14758AF82FB9380B2E26A46,2752DBD85EAB28,17:11:07,467164843,22.47404,90.00889,aereal_position
8D4BB14758AF82FB9F8080BAA439,27531F6BEA4F19,17:11:08,527166031,22.47432,90.00639,aereal_position
8D4BB14758AF82FBB18035446809,275379F2636442,17:11:09,972186468,22.47473,90.00265,aereal_position
8D4BB14758AF82FBC37FEF484150,2753D84D051D35,17:11:11,407700765,22.47514,89.99915,aereal_position
8D4BB14758AF82FBCB7FD1279671,2753F9F3DC9769,17:11:11,972283031,22.47533,89.99765,aereal_position
8D4BB14758AF82FBE77F5F3C4BD5,27548CA6EFC973,17:11:14,212266953,22.47597,89.99196,aereal_position
8D4BB14758AF82FBED7F4B4999B1,2754A5FDAD4123,17:11:14,637381953,22.4761,89.99096,aereal_position
8D4BB14758AF82FBF17F37CFC4FF,2754C23A83F041,17:11:15,37389296,22.4762,89.98996,aereal_position
8D4BB14758AF82FC037EF1F5F60F,27551F6E71D42F,17:11:16,527331796,22.47661,89.98647,aereal_position
8D4BB14758AF82FC0F7EC5AD1C5D,2755567DBE4C2A,17:11:17,377339468,22.47688,89.98427,aereal_position
8D4BB14758AF82FC277E61803D3A,2755D84F6E4D2B,17:11:19,407858765,22.47743,89.97928,aereal_position
8D4BB14758AF82FC2F7E43EF4299,2755F9F52F7555,17:11:19,972369781,22.47762,89.97778,aereal_position
8D4BB14758AF82FC3D7E0CD58D23,2756437357BE72,17:11:21,57890750,22.47794,89.97503,aereal_position
8D4BB14758AF82FC417DF889343A,27565C74DF5E34,17:11:21,477421406,22.47803,89.97403,aereal_position
8D4BB14758AF82FC477DE4A5653E,27567531CB176F,17:11:21,892455703,22.47816,89.97303,aereal_position
8D4BB14758AF82FC4F7DC735EE94,27569C7528BB28,17:11:22,477440187,22.47835,89.97159,aereal_position
8D4BB14758AF82FC5F7D81EB0DC9,2756F794078C57,17:11:23,932448140,22.47871,89.96809,aereal_position
8D4BB14758AF82FC697D5EA40946,27571D0FD4CD2C,17:11:24,487576781,22.47894,89.96634,aereal_position
8D4BB14758AF82FC6D7D4A9380AC,27573A434AB26D,17:11:24,977488562,22.47903,89.96534,aereal_position
8D4BB14758AF82FCAB7C56D120D7,2758753435DD58,17:11:29,892614109,22.48045,89.95316,aereal_position
8D4BB14758AF82FCB17C3E7B5CF1,275892EE62ED2E,17:11:30,317612781,22.48059,89.95196,aereal_position
8D4BB14758AF82FCB77C2A577D99,2758AAC60BBB48,17:11:30,717622203,22.48073,89.95096,aereal_position
8D4BB14758AF82FCC77BE46B4C93,275909FE1F452F,17:11:32,167649093,22.48109,89.94747,aereal_position
8D4BB14758AF82FD0D7ACE5AE7F2,275A6F8D83FB33,17:11:37,797803515,22.4827,89.93358,aereal_position
8D4BB14758AF82FD1F7A889FAC2D,275ACCAE415270,17:11:39,212746578,22.48311,89.93009,aereal_position
8D4BB14758AF82FD5979A3D5E2B7,275BEC93541C35,17:11:43,747852828,22.48444,89.91865,aereal_position
8D4BB14758AF82FD617986DD7509,275C1424F4E86E,17:11:44,337966312,22.48462,89.9172,aereal_position
8D4BB14758AF82FD657972EFB8F3,275C2F8FA18C25,17:11:44,797942156,22.48471,89.9162,aereal_position
8D4BB14758AF82FD69795EB7C215,275C4CB01BAF4B,17:11:45,212868015,22.4848,89.91521,aereal_position
8D4BB14758AF82FD77792C2A6398,275C8E2FA1A162,17:11:46,238002593,22.48512,89.91271,aereal_position
8D4BB14758AF82FD7F7909BACC1F,275CB1595F0125,17:11:46,827940609,22.48531,89.91096,aereal_position
8D4BB14758AF82FD8578F53CE341,275CCF1618F55B,17:11:47,253106421,22.48544,89.90996,aereal_position
8D4BB14758AF82FD8978E29A20B1,275CE90288441E,17:11:47,688031812,22.48553,89.90901,aereal_position
8D4BB14758AF82FD9578B01DE80E,275D2BFDE97F26,17:11:48,738060671,22.48581,89.90652,aereal_position
8D4BB14758AF82FDD177C2F8B3CB,275E5B00ABAD39,17:11:53,453028781,22.48718,89.89463,aereal_position
8D4BB14758AF82FDDF7790B997E6,275E9C7EC95556,17:11:54,478071125,22.4875,89.89213,aereal_position
8D4BB14758AF82FDE977680882FD,275ED3DA3A4B61,17:11:55,333068875,22.48773,89.89014,aereal_position
8D4BB14758AF82FDEF774A25A6D0,275EF751A7F837,17:11:55,928098296,22.48787,89.88864,aereal_position
8D4BB14758AF82FE1576BADFC621,275FB0343FF126,17:11:58,808730609,22.48874,89.88145,aereal_position
